{
  "schemaVersion": 1,
  "id": "realisticoregen",
  "version": "${version}",
  "name": "RealisticOreGen",
  "description": "This is an example description! Tell everyone what your mod is about!",
  "authors": [
    "Me!"
  ],
  "contact": {
    "homepage": "https://fabricmc.net/",
    "sources": "https://github.com/FabricMC/fabric-example-mod"
  },
  "license": "CC0-1.0",
  "icon": "assets/realisticoregen/icon.png",
  "environment": "*",
  "entrypoints": {
    "main": [
      "ca.codion.realisticoregen.fabric.ExampleModFabric"
    ],
    "client": [
      "ca.codion.realisticoregen.fabric.client.ExampleModFabricClient"
    ]
  },
  "mixins": [
    "realisticoregen.mixins.json"
  ],
  "depends": {
    "fabricloader": ">=0.16.14",
    "minecraft": "~1.21.1",
    "java": ">=21",
    "architectury": ">=13.0.8",
    "fabric-api": "*"
  },
  "suggests": {
    "another-mod": "*"
  }
}
