﻿{
    "type": "minecraft:crafting_shaped",
    "pattern": [
        "#FP",
        "nEn",
        "cXL"
    ],
    "key": {
        "#": {
            "item": "deeperdarker:reinforced_echo_shard"
        },
        "F": {
            "item": "minecraft:firework_rocket"
        },
        "P": {
            "item": "project_alpha:memory_corrupter"
        },
        "n": {
            "item": "minecraft:netherite_ingot"
        },
        "E": {
            "item": "minecraft:elytra"
        },
        "c": {
            "item": "cataclysm:ignitium_ingot"
        },
        "X": {
            "item": "cataclysm:witherite_ingot"
        },
        "L": {
            "item": "cataclysm:cursium_ingot"
        }
    },
    "result": {
        "id": "terra_curio:rocket_boots",
        "count": 1
    }
}